Timestamp,Event Type,Description,Action Taken,Additional Data
2026-01-22 09:25:26,APP_START,Health Assistant started,Running,
2026-01-22 09:25:34,SESSION_START,Work session started,Started,
2026-01-22 09:25:41,SESSION_END,Work session ended,Completed,Duration: 0.1 minutes
2026-01-22 09:25:45,WATER_INTAKE,Consumed 250ml water,Logged,Amount: 250ml
2026-01-22 09:25:47,WATER_INTAKE,Consumed 500ml water,Logged,Amount: 500ml
2026-01-22 09:26:03,SESSION_START,Work session started,Started,
2026-01-22 09:27:26,SESSION_END,Work session ended,Completed,Duration: 1.5 minutes
2026-01-22 09:27:30,APP_STOP,Health Assistant stopped,Exiting,
2026-01-22 09:30:39,APP_START,Health Assistant started,Running,
2026-01-22 09:31:36,WATER_INTAKE,Consumed 250ml water,Logged,Amount: 250ml
2026-01-22 09:31:46,SESSION_START,Work session started,Started,
2026-01-22 09:36:53,APP_START,Health Assistant started,Running,
2026-01-22 09:37:02,WATER_INTAKE,Consumed 250ml water,Logged,Amount: 250ml
2026-01-22 09:37:50,SESSION_START,Work session started,Started,
2026-01-22 09:37:54,TELEGRAM_NOTIFICATION,Water reminder: 250ml,Sent,
2026-01-22 09:37:54,WATER_REMINDER,Reminder to drink 250ml water,Ignored,Amount: 250ml
2026-01-22 09:38:55,TELEGRAM_NOTIFICATION,Water reminder: 250ml,Sent,
2026-01-22 09:38:55,WATER_REMINDER,Reminder to drink 250ml water,Ignored,Amount: 250ml
2026-01-22 09:39:56,TELEGRAM_NOTIFICATION,Water reminder: 250ml,Sent,
2026-01-22 09:39:56,WATER_REMINDER,Reminder to drink 250ml water,Ignored,Amount: 250ml
2026-01-22 09:40:57,TELEGRAM_NOTIFICATION,Water reminder: 250ml,Sent,
2026-01-22 09:40:57,WATER_REMINDER,Reminder to drink 250ml water,Ignored,Amount: 250ml
2026-01-22 09:41:02,SESSION_END,Work session ended,Completed,Duration: 3.2 minutes
2026-01-22 09:41:20,APP_STOP,Health Assistant stopped,Exiting,
2026-01-22 09:50:23,APP_START,Health Assistant started,Running,
2026-01-22 09:50:26,WATER_INTAKE,Consumed 250ml water,Logged,Amount: 250ml
2026-01-22 09:50:27,WATER_INTAKE,Consumed 250ml water,Logged,Amount: 250ml
2026-01-22 09:50:31,SESSION_START,Work session started,Started,
2026-01-22 09:51:24,TELEGRAM_NOTIFICATION,Water reminder: 250ml,Sent,
2026-01-22 09:51:24,WATER_REMINDER,Reminder to drink 250ml water,Ignored,Amount: 250ml
2026-01-22 09:52:25,TELEGRAM_NOTIFICATION,Water reminder: 250ml,Sent,
2026-01-22 09:52:25,WATER_REMINDER,Reminder to drink 250ml water,Ignored,Amount: 250ml
2026-01-22 09:52:27,SESSION_END,Work session ended,Completed,Duration: 1.9 minutes
2026-01-22 14:02:56,APP_START,Health Assistant started,Running,
2026-01-22 14:03:57,TELEGRAM_NOTIFICATION,Water reminder: 250ml,Sent,
2026-01-22 14:03:57,WATER_REMINDER,Reminder to drink 250ml water,Ignored,Amount: 250ml
2026-01-22 14:04:32,WATER_INTAKE,Consumed 250ml water,Logged,Amount: 250ml
2026-01-22 14:04:32,WATER_INTAKE,Consumed 250ml water,Logged,Amount: 250ml
2026-01-22 14:04:33,WATER_INTAKE,Consumed 250ml water,Logged,Amount: 250ml
2026-01-22 14:04:33,WATER_INTAKE,Consumed 250ml water,Logged,Amount: 250ml
2026-01-22 14:04:33,WATER_INTAKE,Consumed 250ml water,Logged,Amount: 250ml
2026-01-22 14:04:34,WATER_INTAKE,Consumed 250ml water,Logged,Amount: 250ml
2026-01-22 14:04:35,WATER_INTAKE,Consumed 250ml water,Logged,Amount: 250ml
2026-01-22 14:04:39,WATER_INTAKE,Consumed 250ml water,Logged,Amount: 250ml
2026-01-22 14:04:43,WATER_INTAKE,Consumed 500ml water,Logged,Amount: 500ml
2026-01-22 14:04:53,APP_STOP,Health Assistant stopped,Exiting,
2026-01-22 14:05:02,APP_START,Health Assistant started,Running,
2026-01-22 14:05:06,WATER_INTAKE,Consumed 250ml water,Logged,Amount: 250ml
2026-01-22 14:05:06,WATER_INTAKE,Consumed 250ml water,Logged,Amount: 250ml
2026-01-22 14:05:07,WATER_INTAKE,Consumed 250ml water,Logged,Amount: 250ml
2026-01-22 14:05:08,WATER_INTAKE,Consumed 250ml water,Logged,Amount: 250ml
2026-01-22 14:05:11,WATER_INTAKE,Consumed 250ml water,Logged,Amount: 250ml
2026-01-22 14:05:12,WATER_INTAKE,Consumed 250ml water,Logged,Amount: 250ml
2026-01-22 14:05:15,SESSION_START,Work session started,Started,
2026-01-22 14:06:03,TELEGRAM_NOTIFICATION,Water reminder: 250ml,Sent,
2026-01-22 14:06:03,WATER_REMINDER,Reminder to drink 250ml water,Ignored,Amount: 250ml
2026-01-22 14:06:30,WATER_INTAKE,Consumed 250ml water,Logged,Amount: 250ml
2026-01-22 14:08:50,APP_START,Health Assistant started,Running,
2026-01-22 14:09:51,TELEGRAM_NOTIFICATION,Water reminder: 250ml,Sent,
2026-01-22 14:09:51,WATER_REMINDER,Reminder to drink 250ml water,Ignored,Amount: 250ml
2026-01-22 14:10:52,TELEGRAM_NOTIFICATION,Water reminder: 250ml,Sent,
2026-01-22 14:10:52,WATER_REMINDER,Reminder to drink 250ml water,Ignored,Amount: 250ml
2026-01-22 14:10:56,WATER_INTAKE,Consumed 250ml water,Logged,Amount: 250ml
2026-01-22 14:10:56,WATER_INTAKE,Consumed 250ml water,Logged,Amount: 250ml
2026-01-22 14:11:53,TELEGRAM_NOTIFICATION,Water reminder: 250ml,Sent,
2026-01-22 14:11:53,WATER_REMINDER,Reminder to drink 250ml water,Ignored,Amount: 250ml
2026-01-22 14:12:07,WATER_INTAKE,Consumed 250ml water,Logged,Amount: 250ml
2026-01-22 14:12:12,SESSION_START,Work session started,Started,
2026-01-22 14:12:51,APP_STOP,Health Assistant stopped,Exiting,
2026-01-22 14:52:56,APP_START,Health Assistant started,Running,
2026-01-22 14:53:01,WATER_INTAKE,Consumed 250ml water,Logged,Amount: 250ml
2026-01-22 14:53:02,WATER_INTAKE,Consumed 250ml water,Logged,Amount: 250ml
2026-01-22 14:53:03,WATER_INTAKE,Consumed 250ml water,Logged,Amount: 250ml
2026-01-22 14:53:04,SESSION_START,Work session started,Started,
2026-01-22 14:53:57,TELEGRAM_NOTIFICATION,Water reminder: 250ml,Sent,
2026-01-22 14:53:57,WATER_REMINDER,Reminder to drink 250ml water,Ignored,Amount: 250ml
2026-01-22 14:54:03,APP_STOP,Health Assistant stopped,Exiting,
